<?xml version="1.0" encoding="UTF-8"?>
<project-private xmlns="http://www.netbeans.org/ns/project-private/1">
    <editor-bookmarks xmlns="http://www.netbeans.org/ns/editor-bookmarks/2" lastBookmarkId="0"/>
    <open-files xmlns="http://www.netbeans.org/ns/projectui-open-files/2">
        <group>
            <file>file:/home/rute/Desktop/testeSo2/SO2/so2-t01-35735-39996/Disponibilidade/src/disponibilidade/Servidor.java</file>
            <file>file:/home/rute/Desktop/testeSo2/SO2/so2-t01-35735-39996/Disponibilidade/src/disponibilidade/Cliente.java</file>
        </group>
    </open-files>
</project-private>
